{"cameraMode":{"drawMode":0,"name":"Shaded","section":"Shading Mode"},"sceneLighting":true,"audioPlay":false,"sceneViewState":{"m_AlwaysRefresh":false,"showFog":true,"showSkybox":true,"showFlares":true,"showImageEffects":true,"showParticleSystems":true,"showVisualEffectGraphs":true,"m_FxEnabled":true},"in2DMode":false,"pivot":{"x":13.513006210327149,"y":2.7865943908691408,"z":16.319225311279298},"rotation":{"x":0.10779987275600434,"y":0.4451533854007721,"z":-0.05408264696598053,"w":0.887305736541748},"size":8.725144386291504,"orthographic":false}