{"cameraMode":{"drawMode":0,"name":"Shaded","section":"Shading Mode"},"sceneLighting":false,"audioPlay":false,"sceneViewState":{"m_AlwaysRefresh":false,"showFog":true,"showSkybox":false,"showFlares":true,"showImageEffects":true,"showParticleSystems":true,"showVisualEffectGraphs":true,"m_FxEnabled":true},"in2DMode":false,"pivot":{"x":0.4849799871444702,"y":12.832128524780274,"z":1.2249107360839844},"rotation":{"x":0.24341222643852235,"y":0.13622073829174043,"z":-0.03455003723502159,"w":0.9596902132034302},"size":27.312097549438478,"orthographic":false}