{"cameraMode":{"drawMode":0,"name":"Shaded","section":"Shading Mode"},"sceneLighting":false,"audioPlay":false,"sceneViewState":{"m_AlwaysRefresh":false,"showFog":true,"showSkybox":false,"showFlares":true,"showImageEffects":true,"showParticleSystems":true,"showVisualEffectGraphs":true,"m_FxEnabled":true},"in2DMode":false,"pivot":{"x":-10.962115287780762,"y":20.577442169189454,"z":3.7949180603027345},"rotation":{"x":0.12980836629867555,"y":0.8563671112060547,"z":-0.26068833470344546,"w":0.4264211654663086},"size":10.464300155639649,"orthographic":false}