{"cameraMode":{"drawMode":0,"name":"Shaded","section":"Shading Mode"},"sceneLighting":false,"audioPlay":false,"sceneViewState":{"m_AlwaysRefresh":false,"showFog":true,"showSkybox":false,"showFlares":true,"showImageEffects":true,"showParticleSystems":true,"showVisualEffectGraphs":true,"m_FxEnabled":true},"in2DMode":false,"pivot":{"x":-2.4172677993774416,"y":11.147892951965332,"z":-1.4273300170898438},"rotation":{"x":-0.057887300848960879,"y":0.9179027080535889,"z":-0.14577700197696687,"w":-0.3644951581954956},"size":19.770076751708986,"orthographic":false}