{"cameraMode":{"drawMode":0,"name":"Shaded","section":"Shading Mode"},"sceneLighting":false,"audioPlay":false,"sceneViewState":{"m_AlwaysRefresh":false,"showFog":true,"showSkybox":false,"showFlares":true,"showImageEffects":true,"showParticleSystems":true,"showVisualEffectGraphs":true,"m_FxEnabled":true},"in2DMode":false,"pivot":{"x":1.4316186904907227,"y":14.210999488830567,"z":-5.390771865844727},"rotation":{"x":-0.027341144159436227,"y":0.9573000073432922,"z":-0.09653377532958985,"w":-0.27113476395606997},"size":13.902024269104004,"orthographic":false}