{"cameraMode":{"drawMode":0,"name":"Shaded","section":"Shading Mode"},"sceneLighting":false,"audioPlay":false,"sceneViewState":{"m_AlwaysRefresh":false,"showFog":true,"showSkybox":false,"showFlares":true,"showImageEffects":true,"showParticleSystems":true,"showVisualEffectGraphs":true,"m_FxEnabled":true},"in2DMode":false,"pivot":{"x":-2.6271743774414064,"y":-2.413041591644287,"z":1.8967370986938477},"rotation":{"x":-0.17912566661834718,"y":0.21241603791713715,"z":-0.039637695997953418,"w":-0.9598191976547241},"size":6.602708339691162,"orthographic":false}