{"cameraMode":{"drawMode":0,"name":"Shaded","section":"Shading Mode"},"sceneLighting":false,"audioPlay":false,"sceneViewState":{"m_AlwaysRefresh":false,"showFog":true,"showSkybox":false,"showFlares":true,"showImageEffects":true,"showParticleSystems":true,"showVisualEffectGraphs":true,"m_FxEnabled":true},"in2DMode":false,"pivot":{"x":-9.127363204956055,"y":-0.7664337158203125,"z":0.5899524688720703},"rotation":{"x":0.22920504212379456,"y":-0.7037079334259033,"z":0.26006677746772768,"w":0.6201906800270081},"size":21.832660675048829,"orthographic":false}