{"cameraMode":{"drawMode":0,"name":"Shaded","section":"Shading Mode"},"sceneLighting":false,"audioPlay":false,"sceneViewState":{"m_AlwaysRefresh":false,"showFog":true,"showSkybox":false,"showFlares":true,"showImageEffects":true,"showParticleSystems":true,"showVisualEffectGraphs":true,"m_FxEnabled":true},"in2DMode":false,"pivot":{"x":1.2407269477844239,"y":22.410900115966798,"z":0.019603252410888673},"rotation":{"x":0.3721149265766144,"y":-0.36101290583610537,"z":0.15991981327533723,"w":0.840025782585144},"size":5.593569755554199,"orthographic":false}