{"cameraMode":{"drawMode":0,"name":"Shaded","section":"Shading Mode"},"sceneLighting":true,"audioPlay":false,"sceneViewState":{"m_AlwaysRefresh":false,"showFog":true,"showSkybox":true,"showFlares":true,"showImageEffects":true,"showParticleSystems":true,"showVisualEffectGraphs":true,"m_FxEnabled":true},"in2DMode":false,"pivot":{"x":619.8604736328125,"y":138.87020874023438,"z":171.26193237304688},"rotation":{"x":-0.3379445970058441,"y":-0.03641369566321373,"z":0.013085576705634594,"w":-0.9403735399246216},"size":380.11053466796877,"orthographic":false}