{"cameraMode":{"drawMode":0,"name":"Shaded","section":"Shading Mode"},"sceneLighting":true,"audioPlay":false,"sceneViewState":{"m_AlwaysRefresh":false,"showFog":true,"showSkybox":true,"showFlares":true,"showImageEffects":true,"showParticleSystems":true,"showVisualEffectGraphs":true,"m_FxEnabled":true},"in2DMode":false,"pivot":{"x":22.65472412109375,"y":17.678436279296876,"z":10.551892280578614},"rotation":{"x":0.0506553016602993,"y":0.9439404606819153,"z":-0.17263899743556977,"w":0.27684977650642397},"size":9.913803100585938,"orthographic":false}