{"cameraMode":{"drawMode":0,"name":"Shaded","section":"Shading Mode"},"sceneLighting":true,"audioPlay":false,"sceneViewState":{"m_AlwaysRefresh":false,"showFog":true,"showSkybox":true,"showFlares":true,"showImageEffects":true,"showParticleSystems":true,"showVisualEffectGraphs":true,"m_FxEnabled":true},"in2DMode":false,"pivot":{"x":29.054994583129884,"y":11.468273162841797,"z":24.056629180908204},"rotation":{"x":-0.2089882344007492,"y":-0.5341134667396545,"z":0.13762769103050233,"w":-0.8076558113098145},"size":13.802295684814454,"orthographic":false}