{"cameraMode":{"drawMode":0,"name":"Shaded","section":"Shading Mode"},"sceneLighting":true,"audioPlay":false,"sceneViewState":{"m_AlwaysRefresh":false,"showFog":true,"showSkybox":true,"showFlares":true,"showImageEffects":true,"showParticleSystems":true,"showVisualEffectGraphs":true,"m_FxEnabled":true},"in2DMode":false,"pivot":{"x":18.733856201171876,"y":21.354808807373048,"z":19.001861572265626},"rotation":{"x":0.32254430651664736,"y":0.40854018926620486,"z":-0.15700063109397889,"w":0.8393028974533081},"size":6.813912868499756,"orthographic":false}