{"cameraMode":{"drawMode":0,"name":"Shaded","section":"Shading Mode"},"sceneLighting":true,"audioPlay":false,"sceneViewState":{"m_AlwaysRefresh":false,"showFog":true,"showSkybox":true,"showFlares":true,"showImageEffects":true,"showParticleSystems":true,"showVisualEffectGraphs":true,"m_FxEnabled":true},"in2DMode":false,"pivot":{"x":4.592745780944824,"y":7.7895612716674809,"z":-142.92059326171876},"rotation":{"x":-0.001319335075095296,"y":0.9987199306488037,"z":-0.03146901726722717,"w":-0.040787044912576678},"size":85.27216339111328,"orthographic":false}