{"cameraMode":{"drawMode":0,"name":"Shaded","section":"Shading Mode"},"sceneLighting":true,"audioPlay":false,"sceneViewState":{"m_AlwaysRefresh":false,"showFog":true,"showSkybox":true,"showFlares":true,"showImageEffects":true,"showParticleSystems":true,"showVisualEffectGraphs":true,"m_FxEnabled":true},"in2DMode":false,"pivot":{"x":14.975118637084961,"y":-34.298912048339847,"z":4.207645416259766},"rotation":{"x":0.023306656628847123,"y":-0.8353320360183716,"z":0.5481088757514954,"w":0.03651195764541626},"size":31.339040756225587,"orthographic":false}