{"cameraMode":{"drawMode":0,"name":"Shaded","section":"Shading Mode"},"sceneLighting":false,"audioPlay":false,"sceneViewState":{"m_AlwaysRefresh":false,"showFog":true,"showSkybox":false,"showFlares":true,"showImageEffects":true,"showParticleSystems":true,"showVisualEffectGraphs":true,"m_FxEnabled":true},"in2DMode":false,"pivot":{"x":-0.11312484741210938,"y":9.352666854858399,"z":-0.1267569661140442},"rotation":{"x":-0.04612385854125023,"y":0.7279806137084961,"z":-0.04921325296163559,"w":-0.6822742819786072},"size":6.6019110679626469,"orthographic":false}